<settings>
  <profiles>
    <profile>
      <id>nexus</id>
      <repositories>
        <repository>
          <id>nexus-releases</id>
          <url>http://localhost:8081/repository/online-bookstore-release/</url>
          <releases>
            <enabled>true</enabled>
          </releases>
          <snapshots>
            <enabled>false</enabled>
          </snapshots>
        </repository>
        <repository>
          <id>nexus-snapshots</id>
          <url>http://localhost:8081/repository/online-bookstore-snapshot/</url>
          <releases>
            <enabled>false</enabled>
          </releases>
          <snapshots>
            <enabled>true</enabled>
          </snapshots>
        </repository>
      </repositories>
    </profile>
  </profiles>

  <activeProfiles>
    <activeProfile>nexus</activeProfile>
  </activeProfiles>

  <servers>
    <server>
      <id>nexus</id>
      <username>admin</username>
      <password>Ziggiblaze583456@</password>
    </server>
  </servers>
</settings>